,species,genus,family,subfamily,tribe
0,Aglaoapis tridentata,Aglaoapis,Megachilidae,Megachilinae,Dioxyini
1,Amegilla,Amegilla,Apidae,Anthophorinae,
2,Amegilla albigena,Amegilla,Apidae,Anthophorinae,
3,Amegilla garrula,Amegilla,Apidae,Anthophorinae,
4,Amegilla quadrifasciata,Amegilla,Apidae,Anthophorinae,
5,Ammobates,Ammobates,Apidae,Anthophorinae,Anthophorinae
6,Ammobates punctatus,Ammobates,Apidae,Anthophorinae,Anthophorinae
7,Ammobatoides scriptus,Ammobatoides,Apidae,Nomadinae,Ammobatoidini
8,Andrena,Andrena,Andrenidae,Andreninae,
9,Andrena afrensis,Andrena,Andrenidae,Andreninae,
10,Andrena agilissima,Andrena,Andrenidae,Andreninae,
11,Andrena albopunctata,Andrena,Andrenidae,Andreninae,
12,Andrena angustior,Andrena,Andrenidae,Andreninae,
13,Andrena apicata,Andrena,Andrenidae,Andreninae,
14,Andrena argentata,Andrena,Andrenidae,Andreninae,
15,Andrena asperrima,Andrena,Andrenidae,Andreninae,
16,Andrena assimilis,Andrena,Andrenidae,Andreninae,
17,Andrena barbilabris,Andrena,Andrenidae,Andreninae,
18,Andrena batava,Andrena,Andrenidae,Andreninae,
19,Andrena bicolor,Andrena,Andrenidae,Andreninae,
20,Andrena bicolorata,Andrena,Andrenidae,Andreninae,
21,Andrena bimaculata,Andrena,Andrenidae,Andreninae,
22,Andrena binominata,Andrena,Andrenidae,Andreninae,
23,Andrena bucephala,Andrena,Andrenidae,Andreninae,
24,Andrena carantonica,Andrena,Andrenidae,Andreninae,
25,Andrena chrysosceles,Andrena,Andrenidae,Andreninae,
26,Andrena cineraria,Andrena,Andrenidae,Andreninae,
27,Andrena clarkella,Andrena,Andrenidae,Andreninae,
28,Andrena coitana,Andrena,Andrenidae,Andreninae,
29,Andrena colletiformis,Andrena,Andrenidae,Andreninae,
30,Andrena combinata,Andrena,Andrenidae,Andreninae,
31,Andrena curvungula,Andrena,Andrenidae,Andreninae,
32,Andrena denticulata,Andrena,Andrenidae,Andreninae,
33,Andrena dorsata,Andrena,Andrenidae,Andreninae,
34,Andrena farinosa,Andrena,Andrenidae,Andreninae,
35,Andrena ferox,Andrena,Andrenidae,Andreninae,
36,Andrena flavipes,Andrena,Andrenidae,Andreninae,
37,Andrena florea,Andrena,Andrenidae,Andreninae,
38,Andrena florentina,Andrena,Andrenidae,Andreninae,
39,Andrena freygessneri,Andrena,Andrenidae,Andreninae,
40,Andrena fucata,Andrena,Andrenidae,Andreninae,
41,Andrena fulva,Andrena,Andrenidae,Andreninae,
42,Andrena fulvago,Andrena,Andrenidae,Andreninae,
43,Andrena fuscipes,Andrena,Andrenidae,Andreninae,
44,Andrena fuscosa,Andrena,Andrenidae,Andreninae,
45,Andrena gravida,Andrena,Andrenidae,Andreninae,
46,Andrena haemorrhoa,Andrena,Andrenidae,Andreninae,
47,Andrena hattorfiana,Andrena,Andrenidae,Andreninae,
48,Andrena helvola,Andrena,Andrenidae,Andreninae,
49,Andrena hispania,Andrena,Andrenidae,Andreninae,
50,Andrena humilis,Andrena,Andrenidae,Andreninae,
51,Andrena labialis,Andrena,Andrenidae,Andreninae,
52,Andrena labiata,Andrena,Andrenidae,Andreninae,
53,Andrena lagopus,Andrena,Andrenidae,Andreninae,
54,Andrena lapponica,Andrena,Andrenidae,Andreninae,
55,Andrena lathyri,Andrena,Andrenidae,Andreninae,
56,Andrena limata,Andrena,Andrenidae,Andreninae,
57,Andrena limbata,Andrena,Andrenidae,Andreninae,
58,Andrena marginata,Andrena,Andrenidae,Andreninae,
59,Andrena minutula,Andrena,Andrenidae,Andreninae,
60,Andrena mitis,Andrena,Andrenidae,Andreninae,
61,Andrena morio,Andrena,Andrenidae,Andreninae,
62,Andrena nigriceps,Andrena,Andrenidae,Andreninae,
63,Andrena nigroaenea,Andrena,Andrenidae,Andreninae,
64,Andrena nigroolivacea,Andrena,Andrenidae,Andreninae,
65,Andrena nigrospina,Andrena,Andrenidae,Andreninae,
66,Andrena nitida,Andrena,Andrenidae,Andreninae,
67,Andrena nycthemera,Andrena,Andrenidae,Andreninae,
68,Andrena ovatula,Andrena,Andrenidae,Andreninae,
69,Andrena pandellei,Andrena,Andrenidae,Andreninae,
70,Andrena paucisquama,Andrena,Andrenidae,Andreninae,
71,Andrena pellucens,Andrena,Andrenidae,Andreninae,
72,Andrena pilipes,Andrena,Andrenidae,Andreninae,
73,Andrena praecox,Andrena,Andrenidae,Andreninae,
74,Andrena propinqua,Andrena,Andrenidae,Andreninae,
75,Andrena proxima,Andrena,Andrenidae,Andreninae,
76,Andrena ranunculi,Andrena,Andrenidae,Andreninae,
77,Andrena rhenana,Andrena,Andrenidae,Andreninae,
78,Andrena rogenhoferi,Andrena,Andrenidae,Andreninae,
79,Andrena rosae,Andrena,Andrenidae,Andreninae,
80,Andrena ruficrus,Andrena,Andrenidae,Andreninae,
81,Andrena sardoa,Andrena,Andrenidae,Andreninae,
82,Andrena saxonica,Andrena,Andrenidae,Andreninae,
83,Andrena schencki,Andrena,Andrenidae,Andreninae,
84,Andrena symphyti,Andrena,Andrenidae,Andreninae,
85,Andrena synadelpha,Andrena,Andrenidae,Andreninae,
86,Andrena thoracica,Andrena,Andrenidae,Andreninae,
87,Andrena tibialis,Andrena,Andrenidae,Andreninae,
88,Andrena trimmerana,Andrena,Andrenidae,Andreninae,
89,Andrena vaga,Andrena,Andrenidae,Andreninae,
90,Andrena variabilis,Andrena,Andrenidae,Andreninae,
91,Andrena varians,Andrena,Andrenidae,Andreninae,
92,Andrena ventralis,Andrena,Andrenidae,Andreninae,
93,Andrena vetula,Andrena,Andrenidae,Andreninae,
94,Andrena villipes,Andrena,Andrenidae,Andreninae,
95,Andrena viridescens,Andrena,Andrenidae,Andreninae,
96,Andrena vulpecula,Andrena,Andrenidae,Andreninae,
97,Andrena wilkella,Andrena,Andrenidae,Andreninae,
98,Anthidiellum,Anthidiellum,Megachilidae,Megachilinae,Anthidiini
99,Anthidiellum strigatum,Anthidiellum,Megachilidae,Megachilinae,Anthidiini
100,Anthidium,Anthidium,Megachilidae,Megachilinae,Anthidiini
101,Anthidium cingulatum,Anthidium,Megachilidae,Megachilinae,Anthidiini
102,Anthidium diadema,Anthidium,Megachilidae,Megachilinae,Anthidiini
103,Anthidium florentinum,Anthidium,Megachilidae,Megachilinae,Anthidiini
104,Anthidium loti,Anthidium,Megachilidae,Megachilinae,Anthidiini
105,Anthidium manicatum,Anthidium,Megachilidae,Megachilinae,Anthidiini
106,Anthidium montanum,Anthidium,Megachilidae,Megachilinae,Anthidiini
107,Anthidium oblongatum,Anthidium,Megachilidae,Megachilinae,Anthidiini
108,Anthidium punctatum,Anthidium,Megachilidae,Megachilinae,Anthidiini
109,Anthidium septemspinosum,Anthidium,Megachilidae,Megachilinae,Anthidiini
110,Anthidium taeniatum,Anthidium,Megachilidae,Megachilinae,Anthidiini
111,Anthophora,Anthophora,Apidae,Anthophorinae,
112,Anthophora aestivalis,Anthophora,Apidae,Anthophorinae,
113,Anthophora agama,Anthophora,Apidae,Anthophorinae,
114,Anthophora atriceps,Anthophora,Apidae,Anthophorinae,
115,Anthophora atroalba,Anthophora,Apidae,Anthophorinae,
116,Anthophora balneorum,Anthophora,Apidae,Anthophorinae,
117,Anthophora bimaculata,Anthophora,Apidae,Anthophorinae,
118,Anthophora canescens,Anthophora,Apidae,Anthophorinae,
119,Anthophora crassipes,Anthophora,Apidae,Anthophorinae,
120,Anthophora crinipes,Anthophora,Apidae,Anthophorinae,
121,Anthophora dispar,Anthophora,Apidae,Anthophorinae,
122,Anthophora femorata,Anthophora,Apidae,Anthophorinae,
123,Anthophora fulvitarsis,Anthophora,Apidae,Anthophorinae,
124,Anthophora fulvodimidiata,Anthophora,Apidae,Anthophorinae,
125,Anthophora furcata,Anthophora,Apidae,Anthophorinae,
126,Anthophora gallica,Anthophora,Apidae,Anthophorinae,
127,Anthophora leucophaea,Anthophora,Apidae,Anthophorinae,
128,Anthophora mucida,Anthophora,Apidae,Anthophorinae,
129,Anthophora nigrovittata,Anthophora,Apidae,Anthophorinae,
130,Anthophora plumipes,Anthophora,Apidae,Anthophorinae,
131,Anthophora plumipes niger,Anthophora,Apidae,Anthophorinae,
132,Anthophora pubescens,Anthophora,Apidae,Anthophorinae,
133,Anthophora quadrimaculata,Anthophora,Apidae,Anthophorinae,
134,Anthophora retusa,Anthophora,Apidae,Anthophorinae,
135,Anthophora retusa meridionalis,Anthophora,Apidae,Anthophorinae,
136,Anthophora retusa retusa,Anthophora,Apidae,Anthophorinae,
137,Anthophora salviae,Anthophora,Apidae,Anthophorinae,
138,Apis mellifera,Apis,Apidae,Apinae,Apini
139,Apis mellifera carnica,Apis,Apidae,Apinae,Apini
140,Apis mellifera cecropia,Apis,Apidae,Apinae,Apini
141,Apis mellifera iberiensis,Apis,Apidae,Apinae,Apini
142,Apis mellifera ligustica,Apis,Apidae,Apinae,Apini
143,Apis mellifera mellifera,Apis,Apidae,Apinae,Apini
144,Apis mellifera ruttneri,Apis,Apidae,Apinae,Apini
145,Apis mellifera siciliana,Apis,Apidae,Apinae,Apini
146,Biastes brevicornis,Biastes,Apidae,Nomadinae,Biastini
147,Biastes emarginatus,Biastes,Apidae,Nomadinae,Biastini
148,Bombus,Bombus,Apidae,Apinae,Bombini
149,Bombus alpinus,Bombus,Apidae,Apinae,Bombini
150,Bombus argillaceus,Bombus,Apidae,Apinae,Bombini
151,Bombus barbutellus,Bombus,Apidae,Apinae,Bombini
152,Bombus bohemicus,Bombus,Apidae,Apinae,Bombini
153,Bombus campestris,Bombus,Apidae,Apinae,Bombini
154,Bombus confusus,Bombus,Apidae,Apinae,Bombini
155,Bombus cryptarum,Bombus,Apidae,Apinae,Bombini
156,Bombus cullumanus,Bombus,Apidae,Apinae,Bombini
157,Bombus distinguendus,Bombus,Apidae,Apinae,Bombini
158,Bombus flavidus,Bombus,Apidae,Apinae,Bombini
159,Bombus gerstaeckeri,Bombus,Apidae,Apinae,Bombini
160,Bombus hortorum,Bombus,Apidae,Apinae,Bombini
161,Bombus humilis,Bombus,Apidae,Apinae,Bombini
162,Bombus humilis humilis,Bombus,Apidae,Apinae,Bombini
163,Bombus hypnorum,Bombus,Apidae,Apinae,Bombini
164,Bombus inexspectatus,Bombus,Apidae,Apinae,Bombini
165,Bombus jonellus,Bombus,Apidae,Apinae,Bombini
166,Bombus laesus mocsaryi,Bombus,Apidae,Apinae,Bombini
167,Bombus lapidarius,Bombus,Apidae,Apinae,Bombini
168,Bombus lapidarius decipiens,Bombus,Apidae,Apinae,Bombini
169,Bombus lucorum,Bombus,Apidae,Apinae,Bombini
170,Bombus magnus,Bombus,Apidae,Apinae,Bombini
171,Bombus mendax,Bombus,Apidae,Apinae,Bombini
172,Bombus mesomelas,Bombus,Apidae,Apinae,Bombini
173,Bombus monticola,Bombus,Apidae,Apinae,Bombini
174,Bombus monticola rondoui,Bombus,Apidae,Apinae,Bombini
175,Bombus monticola scandinavicus,Bombus,Apidae,Apinae,Bombini
176,Bombus mucidus,Bombus,Apidae,Apinae,Bombini
177,Bombus muscorum,Bombus,Apidae,Apinae,Bombini
178,Bombus norvegicus,Bombus,Apidae,Apinae,Bombini
179,Bombus pascuorum,Bombus,Apidae,Apinae,Bombini
180,Bombus pascuorum dusmeti,Bombus,Apidae,Apinae,Bombini
181,Bombus pascuorum floralis,Bombus,Apidae,Apinae,Bombini
182,Bombus pascuorum gotlandicus,Bombus,Apidae,Apinae,Bombini
183,Bombus pascuorum intermedius,Bombus,Apidae,Apinae,Bombini
184,Bombus pascuorum melleofacies,Bombus,Apidae,Apinae,Bombini
185,Bombus pascuorum mniorum,Bombus,Apidae,Apinae,Bombini
186,Bombus pascuorum moorselensis,Bombus,Apidae,Apinae,Bombini
187,Bombus pascuorum olympicus,Bombus,Apidae,Apinae,Bombini
188,Bombus pascuorum pallidofacies,Bombus,Apidae,Apinae,Bombini
189,Bombus pascuorum siciliensis,Bombus,Apidae,Apinae,Bombini
190,Bombus pascuorum smithianus,Bombus,Apidae,Apinae,Bombini
191,Bombus pascuorum sparreanus,Bombus,Apidae,Apinae,Bombini
192,Bombus perezi,Bombus,Apidae,Apinae,Bombini
193,Bombus pomorum,Bombus,Apidae,Apinae,Bombini
194,Bombus pratorum,Bombus,Apidae,Apinae,Bombini
195,Bombus pyrenaeus,Bombus,Apidae,Apinae,Bombini
196,Bombus quadricolor,Bombus,Apidae,Apinae,Bombini
197,Bombus ruderarius,Bombus,Apidae,Apinae,Bombini
198,Bombus ruderatus,Bombus,Apidae,Apinae,Bombini
199,Bombus ruderatus corsicola,Bombus,Apidae,Apinae,Bombini
200,Bombus rupestris,Bombus,Apidae,Apinae,Bombini
201,Bombus sichelii,Bombus,Apidae,Apinae,Bombini
202,Bombus soroeensis,Bombus,Apidae,Apinae,Bombini
203,Bombus soroeensis proteus,Bombus,Apidae,Apinae,Bombini
204,Bombus soroeensis soroeensis,Bombus,Apidae,Apinae,Bombini
205,Bombus subterraneus,Bombus,Apidae,Apinae,Bombini
206,Bombus sylvarum,Bombus,Apidae,Apinae,Bombini
207,Bombus sylvestris,Bombus,Apidae,Apinae,Bombini
208,Bombus terrestris,Bombus,Apidae,Apinae,Bombini
209,Bombus terrestris audax,Bombus,Apidae,Apinae,Bombini
210,Bombus terrestris dalmatinus,Bombus,Apidae,Apinae,Bombini
211,Bombus terrestris lusitanicus,Bombus,Apidae,Apinae,Bombini
212,Bombus terrestris sassaricus,Bombus,Apidae,Apinae,Bombini
213,Bombus terrestris terrestris,Bombus,Apidae,Apinae,Bombini
214,Bombus terrestris xanthopus,Bombus,Apidae,Apinae,Bombini
215,Bombus vestalis,Bombus,Apidae,Apinae,Bombini
216,Bombus veteranus,Bombus,Apidae,Apinae,Bombini
217,Bombus wurflenii,Bombus,Apidae,Apinae,Bombini
218,Ceratina,Ceratina,Apidae,Xylocopinae,Ceratinini
219,Ceratina chalcites,Ceratina,Apidae,Xylocopinae,Ceratinini
220,Ceratina chalybea,Ceratina,Apidae,Xylocopinae,Ceratinini
221,Ceratina cucurbitina,Ceratina,Apidae,Xylocopinae,Ceratinini
222,Ceratina cyanea,Ceratina,Apidae,Xylocopinae,Ceratinini
223,Ceratina dallatorreana,Ceratina,Apidae,Xylocopinae,Ceratinini
224,Ceratina parvula,Ceratina,Apidae,Xylocopinae,Ceratinini
225,Ceylalictus variegatus,Ceylalictus,Halictidae,Nomioidinae,
226,Chelostoma,Chelostoma,Megachilidae,Megachilinae,Osmiini
227,Chelostoma campanularum,Chelostoma,Megachilidae,Megachilinae,Osmiini
228,Chelostoma emarginatum,Chelostoma,Megachilidae,Megachilinae,Osmiini
229,Chelostoma florisomne,Chelostoma,Megachilidae,Megachilinae,Osmiini
230,Chelostoma grande,Chelostoma,Megachilidae,Megachilinae,Osmiini
231,Chelostoma rapunculi,Chelostoma,Megachilidae,Megachilinae,Osmiini
232,Coelioxys,Coelioxys,Megachilidae,Megachilinae,Megachilini
233,Coelioxys acanthura,Coelioxys,Megachilidae,Megachilinae,Megachilini
234,Coelioxys afra,Coelioxys,Megachilidae,Megachilinae,Megachilini
235,Coelioxys alatus,Coelioxys,Megachilidae,Megachilinae,Megachilini
236,Coelioxys argentea,Coelioxys,Megachilidae,Megachilinae,Megachilini
237,Coelioxys argenteus,Coelioxys,Megachilidae,Megachilinae,Megachilini
238,Coelioxys aurolimbata,Coelioxys,Megachilidae,Megachilinae,Megachilini
239,Coelioxys aurolimbatus,Coelioxys,Megachilidae,Megachilinae,Megachilini
240,Coelioxys brevis,Coelioxys,Megachilidae,Megachilinae,Megachilini
241,Coelioxys caudata,Coelioxys,Megachilidae,Megachilinae,Megachilini
242,Coelioxys conoidea,Coelioxys,Megachilidae,Megachilinae,Megachilini
243,Coelioxys conoideus,Coelioxys,Megachilidae,Megachilinae,Megachilini
244,Coelioxys echinatus,Coelioxys,Megachilidae,Megachilinae,Megachilini
245,Coelioxys elongata,Coelioxys,Megachilidae,Megachilinae,Megachilini
246,Coelioxys elongatus,Coelioxys,Megachilidae,Megachilinae,Megachilini
247,Coelioxys haemorrhoa,Coelioxys,Megachilidae,Megachilinae,Megachilini
248,Coelioxys inermis,Coelioxys,Megachilidae,Megachilinae,Megachilini
249,Coelioxys mandibularis,Coelioxys,Megachilidae,Megachilinae,Megachilini
250,Coelioxys obtusa,Coelioxys,Megachilidae,Megachilinae,Megachilini
251,Coelioxys polycentris,Coelioxys,Megachilidae,Megachilinae,Megachilini
252,Coelioxys quadridentata,Coelioxys,Megachilidae,Megachilinae,Megachilini
253,Colletes,Colletes,Colletidae,Colletinae,Colletini
254,Colletes cunicularius,Colletes,Colletidae,Colletinae,Colletini
255,Colletes daviesanus,Colletes,Colletidae,Colletinae,Colletini
256,Colletes floralis,Colletes,Colletidae,Colletinae,Colletini
257,Colletes fodiens,Colletes,Colletidae,Colletinae,Colletini
258,Colletes gallicus,Colletes,Colletidae,Colletinae,Colletini
259,Colletes halophilus,Colletes,Colletidae,Colletinae,Colletini
260,Colletes hederae,Colletes,Colletidae,Colletinae,Colletini
261,Colletes hylaeiformis,Colletes,Colletidae,Colletinae,Colletini
262,Colletes marginatus,Colletes,Colletidae,Colletinae,Colletini
263,Colletes nigricans,Colletes,Colletidae,Colletinae,Colletini
264,Colletes similis,Colletes,Colletidae,Colletinae,Colletini
265,Colletes succinctus,Colletes,Colletidae,Colletinae,Colletini
266,Dasypoda,Dasypoda,Melittidae,Dasypodainae,
267,Dasypoda argentata,Dasypoda,Melittidae,Dasypodainae,
268,Dasypoda cingulata,Dasypoda,Melittidae,Dasypodainae,
269,Dasypoda crassicornis,Dasypoda,Melittidae,Dasypodainae,
270,Dasypoda hirtipes,Dasypoda,Melittidae,Dasypodainae,
271,Dasypoda visnaga,Dasypoda,Melittidae,Dasypodainae,
272,Dioxys cincta,Dioxys,Megachilidae,Megachilinae,Dioxyini
273,Dioxys cinctus,Dioxys,Megachilidae,Megachilinae,Dioxyini
274,Dufourea alpina,Dufourea,Halictidae,Rophitinae,
275,Dufourea paradoxa,Dufourea,Halictidae,Rophitinae,
276,Epeoloides coecutiens,Epeoloides,Apidae,Nomadinae,Osirini
277,Epeolus,Epeolus,Apidae,Nomadinae,Epeolini
278,Epeolus cruciger,Epeolus,Apidae,Nomadinae,Epeolini
279,Epeolus fallax,Epeolus,Apidae,Nomadinae,Epeolini
280,Epeolus julliani,Epeolus,Apidae,Nomadinae,Epeolini
281,Epeolus tarsalis,Epeolus,Apidae,Nomadinae,Epeolini
282,Epeolus variegatus,Epeolus,Apidae,Nomadinae,Epeolini
283,Eucera,Eucera,Apidae,Eucerinae,Eucerini
284,Eucera chrysopyga,Eucera,Apidae,Eucerinae,Eucerini
285,Eucera cineraria,Eucera,Apidae,Eucerinae,Eucerini
286,Eucera clypeata,Eucera,Apidae,Eucerinae,Eucerini
287,Eucera elongatula,Eucera,Apidae,Eucerinae,Eucerini
288,Eucera longicornis,Eucera,Apidae,Eucerinae,Eucerini
289,Eucera nigrescens,Eucera,Apidae,Eucerinae,Eucerini
290,Eucera nigrifacies,Eucera,Apidae,Eucerinae,Eucerini
291,Eucera nigrilabris,Eucera,Apidae,Eucerinae,Eucerini
292,Eucera tricincta,Eucera,Apidae,Eucerinae,Eucerini
293,Habropoda tarsata,Habropoda,Apidae,Anthophorinae,
294,Habropoda zonatula,Habropoda,Apidae,Anthophorinae,
295,Halictus,Halictus,Halictidae,Halictinae,Halictini
296,Halictus cochlearitarsis,Halictus,Halictidae,Halictinae,Halictini
297,Halictus compressus,Halictus,Halictidae,Halictinae,Halictini
298,Halictus crenicornis,Halictus,Halictidae,Halictinae,Halictini
299,Halictus fulvipes,Halictus,Halictidae,Halictinae,Halictini
300,Halictus langobardicus,Halictus,Halictidae,Halictinae,Halictini
301,Halictus maculatus,Halictus,Halictidae,Halictinae,Halictini
302,Halictus quadricinctus,Halictus,Halictidae,Halictinae,Halictini
303,Halictus rubicundus,Halictus,Halictidae,Halictinae,Halictini
304,Halictus scabiosae,Halictus,Halictidae,Halictinae,Halictini
305,Halictus sexcinctus,Halictus,Halictidae,Halictinae,Halictini
306,Halictus simplex,Halictus,Halictidae,Halictinae,Halictini
307,Heriades,Heriades,Megachilidae,Megachilinae,Osmiini
308,Heriades crenulata,Heriades,Megachilidae,Megachilinae,Osmiini
309,Heriades truncorum,Heriades,Megachilidae,Megachilinae,Osmiini
310,Hoplitis,Hoplitis,Megachilidae,Megachilinae,Osmiini
311,Hoplitis acuticornis,Hoplitis,Megachilidae,Megachilinae,Osmiini
312,Hoplitis adunca,Hoplitis,Megachilidae,Megachilinae,Osmiini
313,Hoplitis benoisti,Hoplitis,Megachilidae,Megachilinae,Osmiini
314,Hoplitis bisulca,Hoplitis,Megachilidae,Megachilinae,Osmiini
315,Hoplitis claviventris,Hoplitis,Megachilidae,Megachilinae,Osmiini
316,Hoplitis cristatula,Hoplitis,Megachilidae,Megachilinae,Osmiini
317,Hoplitis dalmatica,Hoplitis,Megachilidae,Megachilinae,Osmiini
318,Hoplitis leucomelana,Hoplitis,Megachilidae,Megachilinae,Osmiini
319,Hoplitis mocsaryi,Hoplitis,Megachilidae,Megachilinae,Osmiini
320,Hoplitis papaveris,Hoplitis,Megachilidae,Megachilinae,Osmiini
321,Hoplitis perezi,Hoplitis,Megachilidae,Megachilinae,Osmiini
322,Hoplitis ravouxi,Hoplitis,Megachilidae,Megachilinae,Osmiini
323,Hoplitis tridentata,Hoplitis,Megachilidae,Megachilinae,Osmiini
324,Hoplosmia,Hoplosmia,,,
325,Hylaeus,Hylaeus,Colletidae,Hylaeinae,
326,Hylaeus annularis,Hylaeus,Colletidae,Hylaeinae,
327,Hylaeus annulatus,Hylaeus,Colletidae,Hylaeinae,
328,Hylaeus brachycephalus,Hylaeus,Colletidae,Hylaeinae,
329,Hylaeus brevicornis,Hylaeus,Colletidae,Hylaeinae,
330,Hylaeus clypearis,Hylaeus,Colletidae,Hylaeinae,
331,Hylaeus communis,Hylaeus,Colletidae,Hylaeinae,
332,Hylaeus confusus,Hylaeus,Colletidae,Hylaeinae,
333,Hylaeus cornutus,Hylaeus,Colletidae,Hylaeinae,
334,Hylaeus difformis,Hylaeus,Colletidae,Hylaeinae,
335,Hylaeus dilatatus,Hylaeus,Colletidae,Hylaeinae,
336,Hylaeus duckei,Hylaeus,Colletidae,Hylaeinae,
337,Hylaeus gibbus,Hylaeus,Colletidae,Hylaeinae,
338,Hylaeus gredleri,Hylaeus,Colletidae,Hylaeinae,
339,Hylaeus hyalinatus,Hylaeus,Colletidae,Hylaeinae,
340,Hylaeus leptocephalus,Hylaeus,Colletidae,Hylaeinae,
341,Hylaeus lineolatus,Hylaeus,Colletidae,Hylaeinae,
342,Hylaeus meridionalis,Hylaeus,Colletidae,Hylaeinae,
343,Hylaeus nigritus,Hylaeus,Colletidae,Hylaeinae,
344,Hylaeus pectoralis,Hylaeus,Colletidae,Hylaeinae,
345,Hylaeus pictipes,Hylaeus,Colletidae,Hylaeinae,
346,Hylaeus pictus,Hylaeus,Colletidae,Hylaeinae,
347,Hylaeus punctatus,Hylaeus,Colletidae,Hylaeinae,
348,Hylaeus punctulatissimus,Hylaeus,Colletidae,Hylaeinae,
349,Hylaeus rinki,Hylaeus,Colletidae,Hylaeinae,
350,Hylaeus signatus,Hylaeus,Colletidae,Hylaeinae,
351,Hylaeus sinuatus,Hylaeus,Colletidae,Hylaeinae,
352,Hylaeus styriacus,Hylaeus,Colletidae,Hylaeinae,
353,Hylaeus sulphuripes,Hylaeus,Colletidae,Hylaeinae,
354,Hylaeus variegatus,Hylaeus,Colletidae,Hylaeinae,
355,Icteranthidium grohmanni,Icteranthidium,Megachilidae,Megachilinae,Anthidiini
356,Icteranthidium laterale,Icteranthidium,Megachilidae,Megachilinae,Anthidiini
357,Lasioglossum,Lasioglossum,Halictidae,Halictinae,Halictini
358,Lasioglossum albipes,Lasioglossum,Halictidae,Halictinae,Halictini
359,Lasioglossum albocinctum,Lasioglossum,Halictidae,Halictinae,Halictini
360,Lasioglossum bimaculatum,Lasioglossum,Halictidae,Halictinae,Halictini
361,Lasioglossum bluethgeni,Lasioglossum,Halictidae,Halictinae,Halictini
362,Lasioglossum buccale,Lasioglossum,Halictidae,Halictinae,Halictini
363,Lasioglossum calceatum,Lasioglossum,Halictidae,Halictinae,Halictini
364,Lasioglossum calceatus,Lasioglossum,Halictidae,Halictinae,Halictini
365,Lasioglossum clypeare,Lasioglossum,Halictidae,Halictinae,Halictini
366,Lasioglossum costulatum,Lasioglossum,Halictidae,Halictinae,Halictini
367,Lasioglossum cupromicans,Lasioglossum,Halictidae,Halictinae,Halictini
368,Lasioglossum discum,Lasioglossum,Halictidae,Halictinae,Halictini
369,Lasioglossum discus,Lasioglossum,Halictidae,Halictinae,Halictini
370,Lasioglossum fulvicorne,Lasioglossum,Halictidae,Halictinae,Halictini
371,Lasioglossum glabriusculum,Lasioglossum,Halictidae,Halictinae,Halictini
372,Lasioglossum interruptum,Lasioglossum,Halictidae,Halictinae,Halictini
373,Lasioglossum laevigatum,Lasioglossum,Halictidae,Halictinae,Halictini
374,Lasioglossum laticeps,Lasioglossum,Halictidae,Halictinae,Halictini
375,Lasioglossum leucopus,Lasioglossum,Halictidae,Halictinae,Halictini
376,Lasioglossum leucozonium,Lasioglossum,Halictidae,Halictinae,Halictini
377,Lasioglossum majus,Lasioglossum,Halictidae,Halictinae,Halictini
378,Lasioglossum malachurum,Lasioglossum,Halictidae,Halictinae,Halictini
379,Lasioglossum marginatum,Lasioglossum,Halictidae,Halictinae,Halictini
380,Lasioglossum minutulum,Lasioglossum,Halictidae,Halictinae,Halictini
381,Lasioglossum morio,Lasioglossum,Halictidae,Halictinae,Halictini
382,Lasioglossum nigripes,Lasioglossum,Halictidae,Halictinae,Halictini
383,Lasioglossum nitidulum,Lasioglossum,Halictidae,Halictinae,Halictini
384,Lasioglossum pallens,Lasioglossum,Halictidae,Halictinae,Halictini
385,Lasioglossum pauperatum,Lasioglossum,Halictidae,Halictinae,Halictini
386,Lasioglossum pauxillum,Lasioglossum,Halictidae,Halictinae,Halictini
387,Lasioglossum politum,Lasioglossum,Halictidae,Halictinae,Halictini
388,Lasioglossum prasinum,Lasioglossum,Halictidae,Halictinae,Halictini
389,Lasioglossum punctatissimum,Lasioglossum,Halictidae,Halictinae,Halictini
390,Lasioglossum sexnotatum,Lasioglossum,Halictidae,Halictinae,Halictini
391,Lasioglossum sexstrigatum,Lasioglossum,Halictidae,Halictinae,Halictini
392,Lasioglossum sphecodimorphum,Lasioglossum,Halictidae,Halictinae,Halictini
393,Lasioglossum villosulum,Lasioglossum,Halictidae,Halictinae,Halictini
394,Lasioglossum xanthopus,Lasioglossum,Halictidae,Halictinae,Halictini
395,Lasioglossum zonulum,Lasioglossum,Halictidae,Halictinae,Halictini
396,Lithurgus,Lithurgus,Megachilidae,Lithurginae,
397,Lithurgus chrysurus,Lithurgus,Megachilidae,Lithurginae,
398,Lithurgus cornutus,Lithurgus,Megachilidae,Lithurginae,
399,Macropis,Macropis,Melittidae,Melittinae,
400,Macropis europaea,Macropis,Melittidae,Melittinae,
401,Macropis fulvipes,Macropis,Melittidae,Melittinae,
402,Megachile,Megachile,Megachilidae,Megachilinae,Megachilini
403,Megachile albisecta,Megachile,Megachilidae,Megachilinae,Megachilini
404,Megachile albocristata,Megachile,Megachilidae,Megachilinae,Megachilini
405,Megachile analis,Megachile,Megachilidae,Megachilinae,Megachilini
406,Megachile apicalis,Megachile,Megachilidae,Megachilinae,Megachilini
407,Megachile centuncularis,Megachile,Megachilidae,Megachilinae,Megachilini
408,Megachile circumcincta,Megachile,Megachilidae,Megachilinae,Megachilini
409,Megachile deceptoria,Megachile,Megachilidae,Megachilinae,Megachilini
410,Megachile ericetorum,Megachile,Megachilidae,Megachilinae,Megachilini
411,Megachile genalis,Megachile,Megachilidae,Megachilinae,Megachilini
412,Megachile lagopoda,Megachile,Megachilidae,Megachilinae,Megachilini
413,Megachile lapponica,Megachile,Megachilidae,Megachilinae,Megachilini
414,Megachile leachella,Megachile,Megachilidae,Megachilinae,Megachilini
415,Megachile ligniseca,Megachile,Megachilidae,Megachilinae,Megachilini
416,Megachile maritima,Megachile,Megachilidae,Megachilinae,Megachilini
417,Megachile melanopyga,Megachile,Megachilidae,Megachilinae,Megachilini
418,Megachile nigriventris,Megachile,Megachilidae,Megachilinae,Megachilini
419,Megachile octosignata,Megachile,Megachilidae,Megachilinae,Megachilini
420,Megachile parietina,Megachile,Megachilidae,Megachilinae,Megachilini
421,Megachile pilicrus,Megachile,Megachilidae,Megachilinae,Megachilini
422,Megachile pilidens,Megachile,Megachilidae,Megachilinae,Megachilini
423,Megachile pyrenaea,Megachile,Megachilidae,Megachilinae,Megachilini
424,Megachile pyrenaica,Megachile,Megachilidae,Megachilinae,Megachilini
425,Megachile rotundata,Megachile,Megachilidae,Megachilinae,Megachilini
426,Megachile schmiedeknechti,Megachile,Megachilidae,Megachilinae,Megachilini
427,Megachile sculpturalis,Megachile,Megachilidae,Megachilinae,Megachilini
428,Megachile sicula,Megachile,Megachilidae,Megachilinae,Megachilini
429,Megachile sicula corsica,Megachile,Megachilidae,Megachilinae,Megachilini
430,Megachile versicolor,Megachile,Megachilidae,Megachilinae,Megachilini
431,Megachile willughbiella,Megachile,Megachilidae,Megachilinae,Megachilini
432,Melecta,Melecta,Apidae,Nomadinae,Melectini
433,Melecta albifrons,Melecta,Apidae,Nomadinae,Melectini
434,Melecta albifrons nigra,Melecta,Apidae,Nomadinae,Melectini
435,Melecta luctuosa,Melecta,Apidae,Nomadinae,Melectini
436,Melitta,Melitta,Melittidae,Melittinae,
437,Melitta dimidiata,Melitta,Melittidae,Melittinae,
438,Melitta haemorrhoidalis,Melitta,Melittidae,Melittinae,
439,Melitta leporina,Melitta,Melittidae,Melittinae,
440,Melitta nigricans,Melitta,Melittidae,Melittinae,
441,Melitta tricincta,Melitta,Melittidae,Melittinae,
442,Melitturga caudata,Melitturga,Andrenidae,Panurginae,Melitturgini
443,Melitturga clavicornis,Melitturga,Andrenidae,Panurginae,Melitturgini
444,Nomada,Nomada,Apidae,Nomadinae,Nomadini
445,Nomada agrestis,Nomada,Apidae,Nomadinae,Nomadini
446,Nomada alboguttata,Nomada,Apidae,Nomadinae,Nomadini
447,Nomada armata,Nomada,Apidae,Nomadinae,Nomadini
448,Nomada baccata,Nomada,Apidae,Nomadinae,Nomadini
449,Nomada basalis,Nomada,Apidae,Nomadinae,Nomadini
450,Nomada bifasciata,Nomada,Apidae,Nomadinae,Nomadini
451,Nomada distinguenda,Nomada,Apidae,Nomadinae,Nomadini
452,Nomada fabriciana,Nomada,Apidae,Nomadinae,Nomadini
453,Nomada femoralis,Nomada,Apidae,Nomadinae,Nomadini
454,Nomada ferruginata,Nomada,Apidae,Nomadinae,Nomadini
455,Nomada flava,Nomada,Apidae,Nomadinae,Nomadini
456,Nomada flavoguttata,Nomada,Apidae,Nomadinae,Nomadini
457,Nomada flavopicta,Nomada,Apidae,Nomadinae,Nomadini
458,Nomada fucata,Nomada,Apidae,Nomadinae,Nomadini
459,Nomada fulvicornis,Nomada,Apidae,Nomadinae,Nomadini
460,Nomada fuscicornis,Nomada,Apidae,Nomadinae,Nomadini
461,Nomada goodeniana,Nomada,Apidae,Nomadinae,Nomadini
462,Nomada integra,Nomada,Apidae,Nomadinae,Nomadini
463,Nomada lathburiana,Nomada,Apidae,Nomadinae,Nomadini
464,Nomada leucophthalma,Nomada,Apidae,Nomadinae,Nomadini
465,Nomada marshamella,Nomada,Apidae,Nomadinae,Nomadini
466,Nomada melathoracica,Nomada,Apidae,Nomadinae,Nomadini
467,Nomada mocsaryi,Nomada,Apidae,Nomadinae,Nomadini
468,Nomada mutica,Nomada,Apidae,Nomadinae,Nomadini
469,Nomada nobilis,Nomada,Apidae,Nomadinae,Nomadini
470,Nomada obtusifrons,Nomada,Apidae,Nomadinae,Nomadini
471,Nomada panzeri,Nomada,Apidae,Nomadinae,Nomadini
472,Nomada pectoralis,Nomada,Apidae,Nomadinae,Nomadini
473,Nomada piccioliana,Nomada,Apidae,Nomadinae,Nomadini
474,Nomada roberjeotiana,Nomada,Apidae,Nomadinae,Nomadini
475,Nomada ruficornis,Nomada,Apidae,Nomadinae,Nomadini
476,Nomada rufipes,Nomada,Apidae,Nomadinae,Nomadini
477,Nomada sexfasciata,Nomada,Apidae,Nomadinae,Nomadini
478,Nomada sheppardana,Nomada,Apidae,Nomadinae,Nomadini
479,Nomada signata,Nomada,Apidae,Nomadinae,Nomadini
480,Nomada stigma,Nomada,Apidae,Nomadinae,Nomadini
481,Nomada succincta,Nomada,Apidae,Nomadinae,Nomadini
482,Nomada zonata,Nomada,Apidae,Nomadinae,Nomadini
483,Nomiapis,Nomiapis,Halictidae,Nomiinae,
484,Nomiapis diversipes,Nomiapis,Halictidae,Nomiinae,
485,Nomioides,Nomioides,Halictidae,Nomioidinae,
486,Nomioides facilis,Nomioides,Halictidae,Nomioidinae,
487,Nomioides minutissimus,Nomioides,Halictidae,Nomioidinae,
488,Osmia,Osmia,Megachilidae,Megachilinae,Osmiini
489,Osmia anceyi,Osmia,Megachilidae,Megachilinae,Osmiini
490,Osmia andrenoides,Osmia,Megachilidae,Megachilinae,Osmiini
491,Osmia argyropyga,Osmia,Megachilidae,Megachilinae,Osmiini
492,Osmia aurulenta,Osmia,Megachilidae,Megachilinae,Osmiini
493,Osmia bicolor,Osmia,Megachilidae,Megachilinae,Osmiini
494,Osmia bicornis,Osmia,Megachilidae,Megachilinae,Osmiini
495,Osmia bidentata,Osmia,Megachilidae,Megachilinae,Osmiini
496,Osmia brevicornis,Osmia,Megachilidae,Megachilinae,Osmiini
497,Osmia caerulescens,Osmia,Megachilidae,Megachilinae,Osmiini
498,Osmia cephalotes,Osmia,Megachilidae,Megachilinae,Osmiini
499,Osmia cornuta,Osmia,Megachilidae,Megachilinae,Osmiini
500,Osmia dimidiata,Osmia,Megachilidae,Megachilinae,Osmiini
501,Osmia ferruginea,Osmia,Megachilidae,Megachilinae,Osmiini
502,Osmia gallarum,Osmia,Megachilidae,Megachilinae,Osmiini
503,Osmia inermis,Osmia,Megachilidae,Megachilinae,Osmiini
504,Osmia latreillei,Osmia,Megachilidae,Megachilinae,Osmiini
505,Osmia latreillei iberoafricana,Osmia,Megachilidae,Megachilinae,Osmiini
506,Osmia leaiana,Osmia,Megachilidae,Megachilinae,Osmiini
507,Osmia mustelina,Osmia,Megachilidae,Megachilinae,Osmiini
508,Osmia nasoproducta,Osmia,Megachilidae,Megachilinae,Osmiini
509,Osmia niveata,Osmia,Megachilidae,Megachilinae,Osmiini
510,Osmia rufohirta,Osmia,Megachilidae,Megachilinae,Osmiini
511,Osmia scutellaris,Osmia,Megachilidae,Megachilinae,Osmiini
512,Osmia signata,Osmia,Megachilidae,Megachilinae,Osmiini
513,Osmia spinulosa,Osmia,Megachilidae,Megachilinae,Osmiini
514,Osmia submicans,Osmia,Megachilidae,Megachilinae,Osmiini
515,Osmia tricornis,Osmia,Megachilidae,Megachilinae,Osmiini
516,Osmia versicolor,Osmia,Megachilidae,Megachilinae,Osmiini
517,Osmia xanthomelana,Osmia,Megachilidae,Megachilinae,Osmiini
518,Panurginus albopilosus,Panurginus,Andrenidae,Panurginae,Panurgini
519,Panurgus,Panurgus,Andrenidae,Panurginae,Panurgini
520,Panurgus banksianus,Panurgus,Andrenidae,Panurginae,Panurgini
521,Panurgus calcaratus,Panurgus,Andrenidae,Panurginae,Panurgini
522,Panurgus canescens,Panurgus,Andrenidae,Panurginae,Panurgini
523,Panurgus corsicus,Panurgus,Andrenidae,Panurginae,Panurgini
524,Panurgus dentipes,Panurgus,Andrenidae,Panurginae,Panurgini
525,Pasites maculatus,Pasites,Apidae,Nomadinae,Ammobatini
526,Protosmia,Protosmia,Megachilidae,Megachilinae,Osmiini
527,Pseudoanthidium,Pseudoanthidium,Megachilidae,Megachilinae,Anthidiini
528,Pseudoanthidium melanurum,Pseudoanthidium,Megachilidae,Megachilinae,Anthidiini
529,Pseudoanthidium nanum,Pseudoanthidium,Megachilidae,Megachilinae,Anthidiini
530,Pseudoanthidium reticulatum,Pseudoanthidium,Megachilidae,Megachilinae,Anthidiini
531,Pseudoanthidium scapulare,Pseudoanthidium,Megachilidae,Megachilinae,Anthidiini
532,Rhodanthidium,Rhodanthidium,Megachilidae,Megachilinae,Anthidiini
533,Rhodanthidium infuscatum,Rhodanthidium,Megachilidae,Megachilinae,Anthidiini
534,Rhodanthidium septemdentatum,Rhodanthidium,Megachilidae,Megachilinae,Anthidiini
535,Rhodanthidium siculum,Rhodanthidium,Megachilidae,Megachilinae,Anthidiini
536,Rhodanthidium sticticum,Rhodanthidium,Megachilidae,Megachilinae,Anthidiini
537,Rhophitoides canus,Rhophitoides,Halictidae,Rophitinae,
538,Rophites algirus,Rophites,Halictidae,Rophitinae,
539,Rophites quinquespinosus,Rophites,Halictidae,Rophitinae,
540,Seladonia,Seladonia,Halictidae,Halictinae,Halictini
541,Seladonia kessleri,Seladonia,Halictidae,Halictinae,Halictini
542,Seladonia seladonia,Seladonia,Halictidae,Halictinae,Halictini
543,Seladonia subaurata,Seladonia,Halictidae,Halictinae,Halictini
544,Seladonia subaurata corsa,Seladonia,Halictidae,Halictinae,Halictini
545,Seladonia submediterranea,Seladonia,Halictidae,Halictinae,Halictini
546,Seladonia tumulorum,Seladonia,Halictidae,Halictinae,Halictini
547,Sphecodes,Sphecodes,Halictidae,Halictinae,Halictini
548,Sphecodes albilabris,Sphecodes,Halictidae,Halictinae,Halictini
549,Sphecodes ephippius,Sphecodes,Halictidae,Halictinae,Halictini
550,Sphecodes gibbus,Sphecodes,Halictidae,Halictinae,Halictini
551,Sphecodes monilicornis,Sphecodes,Halictidae,Halictinae,Halictini
552,Sphecodes niger,Sphecodes,Halictidae,Halictinae,Halictini
553,Sphecodes olivieri,Sphecodes,Halictidae,Halictinae,Halictini
554,Sphecodes pellucidus,Sphecodes,Halictidae,Halictinae,Halictini
555,Sphecodes puncticeps,Sphecodes,Halictidae,Halictinae,Halictini
556,Sphecodes ruficrus,Sphecodes,Halictidae,Halictinae,Halictini
557,Stelis,Stelis,Megachilidae,Megachilinae,Anthidiini
558,Stelis annulata,Stelis,Megachilidae,Megachilinae,Anthidiini
559,Stelis breviuscula,Stelis,Megachilidae,Megachilinae,Anthidiini
560,Stelis nasuta,Stelis,Megachilidae,Megachilinae,Anthidiini
561,Stelis ornatula,Stelis,Megachilidae,Megachilinae,Anthidiini
562,Stelis phaeoptera,Stelis,Megachilidae,Megachilinae,Anthidiini
563,Stelis punctulatissima,Stelis,Megachilidae,Megachilinae,Anthidiini
564,Stelis signata,Stelis,Megachilidae,Megachilinae,Anthidiini
565,Stelis simillima,Stelis,Megachilidae,Megachilinae,Anthidiini
566,Systropha curvicornis,Systropha,Halictidae,Halictinae,Halictini
567,Systropha planidens,Systropha,Halictidae,Halictinae,Halictini
568,Tetralonia malvae,Tetralonia,Apidae,Eucerinae,Eucerini
569,Tetraloniella,Tetraloniella,Apidae,Eucerinae,Eucerini
570,Tetraloniella alticincta,Tetraloniella,Apidae,Eucerinae,Eucerini
571,Tetraloniella dentata,Tetraloniella,Apidae,Eucerinae,Eucerini
572,Tetraloniella fulvescens,Tetraloniella,Apidae,Eucerinae,Eucerini
573,Tetraloniella inulae,Tetraloniella,Apidae,Eucerinae,Eucerini
574,Tetraloniella nana,Tetraloniella,Apidae,Eucerinae,Eucerini
575,Tetraloniella salicariae,Tetraloniella,Apidae,Eucerinae,Eucerini
576,Tetraloniella strigata,Tetraloniella,Apidae,Eucerinae,Eucerini
577,Thyreus,Thyreus,Apidae,Nomadinae,Melectini
578,Thyreus histrionicus,Thyreus,Apidae,Nomadinae,Melectini
579,Thyreus orbatus,Thyreus,Apidae,Nomadinae,Melectini
580,Thyreus ramosus,Thyreus,Apidae,Nomadinae,Melectini
581,Trachusa,Trachusa,Megachilidae,Megachilinae,Anthidiini
582,Trachusa byssina,Trachusa,Megachilidae,Megachilinae,Anthidiini
583,Trachusa integra,Trachusa,Megachilidae,Megachilinae,Anthidiini
584,Trachusa interrupta,Trachusa,Megachilidae,Megachilinae,Anthidiini
585,Trachusa laeviventris,Trachusa,Megachilidae,Megachilinae,Anthidiini
586,Triepeolus tristis,Triepeolus,Apidae,Nomadinae,Epeolini
587,Vestitohalictus,Vestitohalictus,Halictidae,Halictinae,Halictini
588,Vestitohalictus pollinosus,Vestitohalictus,Halictidae,Halictinae,Halictini
589,Xylocopa,Xylocopa,Apidae,Xylocopinae,Xylocopini
590,Xylocopa cantabrita,Xylocopa,Apidae,Xylocopinae,Xylocopini
591,Xylocopa iris,Xylocopa,Apidae,Xylocopinae,Xylocopini
592,Xylocopa valga,Xylocopa,Apidae,Xylocopinae,Xylocopini
593,Xylocopa violacea,Xylocopa,Apidae,Xylocopinae,Xylocopini
